Student ID,Name,Course Name,Grade Point,Grade,GPA
S69911,John Smith,OOP,1.1760000000000002,D
,,TM,3.1799999999999993,B
,,,,,,,,,2.3211428571428567
S69912,Jane Doe,OOP,2.04,C
,,TM,3.3560000000000003,B
,,,,,,,,OOP,2.013,C
,,TM,3.228,B
,,,,,,,,OOP,3.0,C+
,,TM,4.0,A
,,,,,,,,OOP,1.7639999999999998,D+
,,TM,3.1239999999999997,B
,,,,,,